id;text;category
fun081;Czy Twoje oczy czasem otwierają się wcześniej niż reszta ciała?;Śmieszne
pk030;Czy Twoje życie intymne to dla Ciebie temat do śmiechu i luzu?;Pikantne
wol032;Wolisz ciepłe dni czy chłodne wieczory?;Wolisz
wol036;Wolisz chodzić na siłownię czy biegać na świeżym powietrzu?;Wolisz
ps046;Jak bardzo lubiłeś spędzać czas na podwórku?;Przeszłość
pk010;Czy inicjujesz zbliżenia częściej niż Twój partner?;Pikantne
wol086;Wolisz nosić okulary czy soczewki kontaktowe?;Wolisz
zw082;Czy potrafisz dzielić się swoimi obawami bez poczucia słabości?;Związkowe
wol043;Wolisz rozmawiać z dużą grupą ludzi czy z jedną osobą?;Wolisz
zw011;Czy czułość w relacji jest dla Ciebie ważniejsza niż rozmowa?;Związkowe
ps003;Czy byłeś bardziej niejadkiem niż wszystkożercą jako dziecko?;Przeszłość
ps048;Jak bardzo pamiętasz swoje ulubione smaki dzieciństwa?;Przeszłość
wol080;Wolisz pracować w zespole czy samodzielnie?;Wolisz
dyl022;Wolisz codziennie dostawać list od nieznajomego czy nigdy nie dostawać żadnej wiadomości?;Dylematy
fun068;Czy potrafisz upuścić coś na stopę dokładnie wtedy, gdy jesteś boso?;Śmieszne
ps041;Jak często się śmiałeś z kolegów lub koleżanek w szkole?;Przeszłość
fun046;Czy Twój umysł czasem idzie na wakacje, gdy ktoś coś tłumaczy?;Śmieszne
dyl078;Wolisz mieć zawsze idealnie dopasowane ubrania czy zawsze modną fryzurę?;Dylematy
zw033;Czy potrafisz mówić o swoich potrzebach bez poczucia winy?;Związkowe
fun061;Czy potrafisz zapomnieć, że masz okulary na nosie i szukać ich wszędzie?;Śmieszne
fun038;Czy potrafisz zrobić z siebie burrito zawijając się w koc?;Śmieszne
wol072;Wolisz jeść śniadanie w pośpiechu czy wolno i spokojnie?;Wolisz
fun066;Czy potrafisz zapomnieć, czy już umyłeś zęby i zrobić to jeszcze raz?;Śmieszne
pk042;Czy wolisz prowadzić czy być prowadzonym w sytuacjach intymnych?;Pikantne
ps066;Na ile często pomagałeś w domu swoim rodzeństwu?;Przeszłość
swi063;Na ile jesteś otwarty na inne religie i światopoglądy?;Światopoglądowe
pk001;Czy często fantazjujesz o osobach, które znasz?;Pikantne
swi049;Czy zgadzasz się z tym, że technologia zbliża ludzi?;Światopoglądowe
ps055;Jak często zdarzało Ci się śpiewać lub tańczyć jako dziecko?;Przeszłość
wol054;Wolisz czytać kryminały czy fantastykę?;Wolisz
pk029;Czy lubisz zmieniać dynamikę — raz być aktywnym, raz pasywnym?;Pikantne
swi019;Czy uważasz, że społeczeństwo powinno bardziej pomagać osobom potrzebującym?;Światopoglądowe
wol023;Wolisz oglądać sport czy uprawiać sport?;Wolisz
swi075;Na ile uważasz, że edukacja powinna rozwijać kreatywność, a nie tylko wiedzę?;Światopoglądowe
swi059;Na ile zgadzasz się z tym, że empatia jest podstawą człowieczeństwa?;Światopoglądowe
ps084;Na ile lubiłeś uczyć się nowych rzeczy poza szkołą?;Przeszłość
zw070;Czy lubisz wspólne planowanie codziennych obowiązków?;Związkowe
lz067;Czy kiedykolwiek próbowałeś telepatycznie przyciągnąć autobus?;Luźne
pk049;Czy jesteś otwarty na dzielenie się swoimi fantazjami w trakcie zbliżenia?;Pikantne
wol051;Wolisz grać na instrumencie czy śpiewać?;Wolisz
wol016;Wolisz słodkie czy słone przekąski?;Wolisz
swi023;Czy zgadzasz się z koniecznością ograniczenia konsumpcji dla dobra planety?;Światopoglądowe
ps070;Jak bardzo ceniłeś sobie wolny czas bez obowiązków?;Przeszłość
ps022;Czy pamiętasz swoją pierwszą wycieczkę szkolną?;Przeszłość
ps064;Jak często brałeś udział w zabawach zespołowych?;Przeszłość
dyl005;Wolisz chodzić do pracy w piżamie czy na spotkania w stroju kąpielowym?;Dylematy
fun012;Czy potrafisz śpiewać pod prysznicem, nawet jeśli nie znasz słów?;Śmieszne
zw020;Czy lubisz robić niespodzianki partnerowi?;Związkowe
fun027;Czy zdarza Ci się zaczynać rozmowę i nagle zapomnieć, o czym mówisz?;Śmieszne
swi026;Jak bardzo zgadzasz się z ideą, że każdy powinien mieć prawo do edukacji?;Światopoglądowe
lz001;Czy zdarza Ci się zasnąć podczas oglądania filmu, który sam wybrałeś?;Luźne
fun028;Czy potrafisz zapomnieć, dlaczego wszedłeś do innego pokoju?;Śmieszne
pk016;Czy jesteś osobą bardziej zmysłową niż impulsywną?;Pikantne
swi042;Na ile ważna jest dla Ciebie wolność wyboru stylu życia?;Światopoglądowe
zw079;Czy czujesz się wystarczająco słuchany w rozmowach?;Związkowe
lz063;Czy umiesz przewidzieć pogodę tylko patrząc przez okno?;Luźne
pk041;Czy Twoje fantazje bywają bardziej emocjonalne niż fizyczne?;Pikantne
lz036;Czy potrafisz prowadzić logiczną rozmowę tuż po obudzeniu?;Luźne
wol013;Wolisz oglądać seriale czy filmy?;Wolisz
wol082;Wolisz oglądać filmy science fiction czy fantasy?;Wolisz
lz017;Czy zdarza Ci się kiedyś zjeść coś z podłogi?;Luźne
lz080;Czy jesteś w stanie zapamiętać trzy rzeczy... jeśli zapiszesz je w pięciu miejscach?;Luźne
zw021;Czy dla Ciebie ważniejsze są czyny niż słowa?;Związkowe
pk069;Czy przywiązanie emocjonalne wpływa na Twoją odwagę w łóżku?;Pikantne
dyl071;Wolisz móc rozwiązać każdy problem matematyczny czy znać odpowiedź na każde pytanie dotyczące historii?;Dylematy
ps024;Czy miałeś kiedykolwiek problem z nauczycielem lub wychowawcą?;Przeszłość
fun051;Czy potrafisz zjeść całą paczkę chipsów i udawać, że to nic takiego?;Śmieszne
ps075;Na ile byłeś zadowolony ze swoich wyników w nauce?;Przeszłość
dyl018;Wolisz nie móc kłamać czy nie móc mówić prawdy?;Dylematy
ps072;Na ile lubiłeś pomagać nauczycielom w klasie?;Przeszłość
lz087;Czy kiedykolwiek rozważałeś zamieszkanie w Ikei?;Luźne
lz081;Czy masz nawyk tworzenia playlist na każdą możliwą okazję?;Luźne
ps001;Czy lubiłeś odpowiadać przy tablicy w szkole?;Przeszłość
dyl028;Wolisz mieć zwierzę, które mówi czy lata jak ptak?;Dylematy
fun072;Czy zdarza Ci się kliknąć 'odśwież' szybciej, niż strona ma szansę się załadować?;Śmieszne
zw026;Czy potrafisz uszczęśliwić drugą osobę drobiazgiem?;Związkowe
fun073;Czy potrafisz zgubić się we własnym domu, idąc po coś w nocy?;Śmieszne
ps007;Czy miałeś w dzieciństwie przyjaciół, z którymi spędzałeś całe dnie?;Przeszłość
pk039;Czy lubisz przełamywać rutynę w sypialni?;Pikantne
wol057;Wolisz jeść śniadanie na słodko czy na słono?;Wolisz
dyl053;Wolisz móc rozmawiać tylko za pomocą rysunków czy tylko za pomocą muzyki?;Dylematy
wol050;Wolisz wstawać bez budzika czy budzić się po alarmie?;Wolisz
ps014;Czy byłeś bardziej spokojnym czy rozbrykanym dzieckiem?;Przeszłość
zw025;Czy konflikty rozładowujesz żartem?;Związkowe
dyl054;Wolisz mieć dom na drzewie w lesie czy na plaży?;Dylematy
lz009;Czy zdarza Ci się zapomnieć, po co wszedłeś do pokoju?;Luźne
fun031;Czy potrafisz znaleźć coś, czego szukałeś dopiero wtedy, gdy już się poddasz?;Śmieszne
wol055;Wolisz spędzać czas aktywnie na dworze czy w domu z książką?;Wolisz
lz044;Czy potrafisz bez skrępowania tańczyć sam w pokoju?;Luźne
pk005;Czy mówisz partnerowi o swoich fantazjach?;Pikantne
lz035;Czy jesteś w stanie wytrzymać dzień bez użycia internetu… przypadkiem?;Luźne
pk081;Czy więcej przyjemności czerpiesz z dawania niż z otrzymywania?;Pikantne
ps023;Czy miałeś ulubioną książkę lub bajkę, do której często wracałeś?;Przeszłość
ps032;Na ile lubiłeś chodzić do szkoły?;Przeszłość
lz021;Czy byłbyś dobrym prowadzącym teleturniej?;Luźne
zw080;Czy miewasz trudność z proszeniem o pomoc w związku?;Związkowe
fun052;Czy Twoja ulubiona pora dnia to ta, kiedy nikt Cię nie widzi?;Śmieszne
wol062;Wolisz uczyć się nowych rzeczy samodzielnie czy w grupie?;Wolisz
ps037;Jak bardzo pamiętasz szkolne wycieczki?;Przeszłość
pk048;Czy Twoje podejście do seksu zmienia się w zależności od emocji?;Pikantne
wol053;Wolisz spotkania w dużym gronie czy kameralne przyjęcia?;Wolisz
pk062;Czy kiedykolwiek czułeś pociąg do kogoś zupełnie „niedozwolonego”?;Pikantne
zw057;Czy emocje partnera wpływają silnie na Twój nastrój?;Związkowe
swi074;Czy zgadzasz się z tym, że rozwój gospodarczy jest ważniejszy niż ochrona środowiska?;Światopoglądowe
ps052;Jak bardzo lubiłeś szkolne przerwy?;Przeszłość
swi009;Czy uważasz, że edukacja powinna być darmowa dla wszystkich?;Światopoglądowe
lz037;Czy byłbyś w stanie mieszkać w lodówce (jeśli miałaby WiFi)?;Luźne
dyl034;Wolisz zawsze być o 10 minut spóźniony czy o 10 minut za wcześnie?;Dylematy
wol067;Wolisz nosić jasne czy ciemne ubrania?;Wolisz
lz010;Czy byłbyś dobrym kosmitą udającym człowieka?;Luźne
wol041;Wolisz oglądać filmy komediowe czy dramaty?;Wolisz
wol061;Wolisz spędzać wieczory przy grach planszowych czy oglądając filmy?;Wolisz
wol046;Wolisz używać telefonu czy komputera do pracy?;Wolisz
swi015;Czy uważasz, że wojny są czasem konieczne?;Światopoglądowe
dyl069;Wolisz mieć nieskończony dostęp do swojej ulubionej muzyki czy ulubionych filmów?;Dylematy
fun053;Czy zdarza Ci się ubrać coś na lewą stronę i zorientować się dopiero wieczorem?;Śmieszne
zw050;Czy czujesz się odpowiedzialny za atmosferę w relacji?;Związkowe
swi033;Czy uważasz, że granice między państwami powinny zostać otwarte?;Światopoglądowe
pk009;Czy lubisz być zaskakiwany w sypialni?;Pikantne
fun004;Czy Twoja reakcja na niespodziankę to zwykle szok i zamieszanie?;Śmieszne
zw018;Czy zdarza Ci się mówić coś, czego później żałujesz?;Związkowe
swi048;Jak bardzo popierasz pomysł dochodu podstawowego dla każdego obywatela?;Światopoglądowe
wol077;Wolisz spędzać wolny czas w ciszy czy w gwarze ludzi?;Wolisz
zw038;Czy czujesz się doceniany w relacji?;Związkowe
swi037;Czy uważasz, że bogatsi powinni płacić wyższe podatki?;Światopoglądowe
pk024;Czy potrafisz szczerze powiedzieć partnerowi, co Ci się podoba?;Pikantne
fun018;Czy masz wrażenie, że Twój komputer działa wolniej, kiedy ktoś na Ciebie patrzy?;Śmieszne
lz012;Czy uważasz, że masz talent aktorski?;Luźne
dyl072;Wolisz mieć możliwość zmiany pogody na jeden dzień czy zmiany swojego wyglądu na ten dzień?;Dylematy
wol037;Wolisz grać w gry planszowe czy komputerowe?;Wolisz
ps078;Na ile często rozwiązywałeś zadania lub łamigłówki?;Przeszłość
lz060;Czy potrafisz zasnąć w najdziwniejszym możliwym miejscu?;Luźne
zw077;Czy czujesz się doceniony za codzienne drobiazgi?;Związkowe
swi070;Czy Twoim zdaniem społeczeństwo powinno być bardziej oparte na współpracy niż rywalizacji?;Światopoglądowe
wol007;Wolisz oglądać komedie czy thrillery?;Wolisz
swi055;Jak bardzo uważasz, że internet powinien być wolny i nieograniczony?;Światopoglądowe
wol010;Wolisz mieć dużo znajomych czy kilku bliskich przyjaciół?;Wolisz
swi067;Czy uważasz, że wolność jednostki powinna mieć swoje granice?;Światopoglądowe
swi089;Czy uważasz, że młodzi ludzie powinni częściej angażować się społecznie?;Światopoglądowe
dyl036;Wolisz nigdy nie odczuwać głodu czy nigdy nie odczuwać zmęczenia?;Dylematy
lz048;Czy mógłbyś być szczęśliwy pracując jako tester łóżek?;Luźne
wol019;Wolisz być kierowcą czy pasażerem?;Wolisz
wol079;Wolisz biegać rano czy wieczorem?;Wolisz
fun086;Czy Twoje palce na klawiaturze działają jakby miały własne życie?;Śmieszne
lz083;Czy kiedykolwiek zacząłeś porządkować coś i skończyło się to wspominkami?;Luźne
pk055;Czy jesteś otwarty na zmysłowe gry i zabawy?;Pikantne
ps080;Jak często zdarzało Ci się śpiewać na głos w samotności?;Przeszłość
lz073;Czy masz specjalną „pozycję do scrollowania telefonu”?;Luźne
swi003;Czy uważasz, że technologia przynosi więcej dobra niż zła?;Światopoglądowe
fun002;Czy potrafisz zgubić coś, co trzymasz w ręce?;Śmieszne
wol040;Wolisz czytać książkę wieczorem czy rano?;Wolisz
ps088;Jak bardzo byłeś zadowolony z relacji z nauczycielami?;Przeszłość
zw053;Czy masz potrzebę ciągłego kontaktu (np. wiadomości w ciągu dnia)?;Związkowe
pk047;Czy lubisz zmysłowe niespodzianki?;Pikantne
swi004;Jak bardzo ważna jest dla Ciebie wolność słowa?;Światopoglądowe
fun039;Czy Twoja lodówka bywa otwierana bez powodu (tak po prostu)?;Śmieszne
ps054;Jak bardzo bałeś się ciemności lub innych dziecięcych lęków?;Przeszłość
zw071;Czy potrafisz oddzielić własne emocje od emocji partnera?;Związkowe
dyl050;Wolisz mieć wszystkie swoje wspomnienia w kolorze sepii czy czarno-białe?;Dylematy
zw013;Czy łatwo się obrażasz w relacjach?;Związkowe
fun045;Czy potrafisz przez przypadek kliknąć „wyślij”, zanim skończysz pisać wiadomość?;Śmieszne
swi058;Czy uważasz, że bogactwo powinno być bardziej równomiernie rozdzielone?;Światopoglądowe
swi069;Jak bardzo uważasz, że patriotyzm jest nadal ważny?;Światopoglądowe
fun037;Czy zdarza Ci się być pewnym, że coś gdzieś położyłeś, a potem okazuje się, że masz to w ręce?;Śmieszne
fun005;Czy Twoje życie to ciągłe szukanie okularów, które masz na głowie?;Śmieszne
pk011;Czy lubisz rozmowy o seksie?;Pikantne
lz015;Czy masz na sumieniu coś dziwnego z dzieciństwa?;Luźne
ps012;Czy lubiłeś brać udział w szkolnych przedstawieniach lub konkursach?;Przeszłość
fun017;Czy zdarza Ci się śmiać w zupełnie nieodpowiednich momentach?;Śmieszne
ps053;Na ile często czułeś się zmotywowany do nauki?;Przeszłość
wol056;Wolisz mieć dużo znajomych czy kilku bliskich przyjaciół?;Wolisz
wol070;Wolisz słuchać muzyki na słuchawkach czy na głośnikach?;Wolisz
ps002;Czy często chodziłeś na wagary?;Przeszłość
pk027;Czy lubisz pikantne żarty i aluzje w rozmowie?;Pikantne
zw056;Czy lubisz planować wspólny czas z wyprzedzeniem?;Związkowe
wol069;Wolisz być mistrzem jednego czy mieć szeroką wiedzę o wielu rzeczach?;Wolisz
wol006;Wolisz spędzać czas w mieście czy na wsi?;Wolisz
wol064;Wolisz lato pełne słońca czy lekki deszcz?;Wolisz
wol034;Wolisz spacerować po lesie czy nad morzem?;Wolisz
swi053;Czy zgadzasz się, że człowiek jest odpowiedzialny za los planety?;Światopoglądowe
swi031;Czy uważasz, że każdy człowiek zasługuje na drugą szansę?;Światopoglądowe
fun083;Czy Twoje ubrania czasem same znikają – a potem są w lodówce?;Śmieszne
lz016;Czy lubisz robić notatki, których nigdy nie czytasz?;Luźne
dyl024;Wolisz być najzabawniejszą osobą w grupie czy najbardziej poważną?;Dylematy
swi030;Jak bardzo uważasz, że każdy powinien ponosić odpowiedzialność za swoje czyny?;Światopoglądowe
swi022;Jak bardzo popierasz ideę wolności religijnej?;Światopoglądowe
pk015;Czy lubisz zaskakiwać partnera czymś pikantnym?;Pikantne
ps082;Jak bardzo pamiętasz swoje dziecięce marzenia o przyszłości?;Przeszłość
swi071;Na ile wierzysz, że każdy ma wpływ na swoją przyszłość?;Światopoglądowe
ps033;Jak bardzo pamiętasz swój pierwszy dzień w szkole?;Przeszłość
wol081;Wolisz czytać książki papierowe czy słuchać audiobooków?;Wolisz
fun030;Czy Twoje zwierzęta czasem patrzą na Ciebie, jakbyś był dziwny?;Śmieszne
swi072;Czy uważasz, że sztuka ma realny wpływ na zmianę społeczną?;Światopoglądowe
wol009;Wolisz wstać bardzo wcześnie czy zostać do późna?;Wolisz
pk021;Czy czujesz się swobodnie mówiąc „nie” nawet w intymnej sytuacji?;Pikantne
zw061;Czy w związku czujesz się swobodnie mówiąc o swoich marzeniach?;Związkowe
pk068;Czy cisza w zbliżeniu może być dla Ciebie bardziej zmysłowa niż słowa?;Pikantne
zw015;Czy potrafisz utrzymać relację na odległość?;Związkowe
zw075;Czy w związku ważniejsze są dla Ciebie emocje niż logika?;Związkowe
pk067;Czy lubisz przesyłać pikantne wiadomości?;Pikantne
dyl077;Wolisz codziennie spotykać nowe osoby czy spędzać czas tylko z bliskimi?;Dylematy
ps008;Czy byłeś typem dziecka, które bało się ciemności?;Przeszłość
dyl014;Wolisz mieć gigantyczne stopy czy malutkie ręce?;Dylematy
fun042;Czy potrafisz zjeść coś bardzo ostrego i potem udawać, że nic się nie dzieje?;Śmieszne
fun058;Czy Twoje ręce czasem nie wiedzą, co robią – np. wylewając sok na klawiaturę?;Śmieszne
wol065;Wolisz chodzić do kina na nowe premiery czy czekać na premierę w domu?;Wolisz
ps043;Na ile często czułeś się pewnie podczas wystąpień publicznych?;Przeszłość
dyl017;Wolisz, żeby każdy znał Twoje hasło do telefonu czy wszystkie Twoje ulubione miejsca?;Dylematy
pk031;Czy czujesz się komfortowo przejmując pełną kontrolę w sypialni?;Pikantne
zw041;Czy ufasz swojej intuicji w relacjach?;Związkowe
swi054;Na ile wierzysz w karmę?;Światopoglądowe
fun021;Czy często zapominasz, co chciałeś powiedzieć w trakcie rozmowy?;Śmieszne
lz077;Czy w dzieciństwie próbowałeś używać siły woli jak Jedi?;Luźne
wol075;Wolisz spędzać czas z dużą rodziną czy z bliskimi przyjaciółmi?;Wolisz
ps073;Jak często zdarzało Ci się być kapitanem drużyny lub grupy?;Przeszłość
zw067;Czy wolisz rozwiązywać konflikty od razu niż odkładać je na później?;Związkowe
lz040;Czy potrafisz poważnie potraktować quiz „Którą pizzą jesteś?”?;Luźne
zw008;Czy potrafisz przyznać się do błędu w relacji?;Związkowe
swi045;Czy uważasz, że ludzie mają obowiązek pomagać obcym?;Światopoglądowe
swi029;Czy uważasz, że wolność słowa powinna mieć ograniczenia?;Światopoglądowe
swi066;Jak bardzo wierzysz w równość wszystkich ludzi, bez względu na pochodzenie?;Światopoglądowe
fun079;Czy Twoje rozmowy w windzie trwają wieki, mimo że jadą dwa piętra?;Śmieszne
dyl033;Wolisz mieć możliwość cofania czasu o 5 minut raz dziennie czy przewidywania przyszłości na 10 sekund?;Dylematy
dyl042;Wolisz nigdy nie słyszeć muzyki czy nigdy nie widzieć filmów?;Dylematy
ps071;Jak często odwiedzałeś dziadków lub dalszą rodzinę?;Przeszłość
zw081;Czy lubisz wracać do wspomnień z początku relacji?;Związkowe
dyl021;Wolisz mieć super pamięć do liczb czy do twarzy?;Dylematy
lz026;Czy miałeś kiedyś wymyślonego przyjaciela?;Luźne
ps019;Czy często dostawałeś uwagę od nauczycieli za psoty?;Przeszłość
pk073;Czy bycie zaskoczonym w sypialni sprawia Ci większą przyjemność niż planowanie?;Pikantne
ps057;Jak bardzo pamiętasz swoje ulubione zabawy z dzieciństwa?;Przeszłość
swi065;Czy zgadzasz się z tym, że każdy człowiek powinien służyć społeczeństwu w jakiś sposób?;Światopoglądowe
ps045;Jak często miałeś problemy z wstawaniem do szkoły?;Przeszłość
dyl090;Wolisz spędzić tydzień w całkowitej ciszy czy w ciągłym hałasie?;Dylematy
dyl015;Wolisz zawsze spóźniać się 5 minut czy zawsze przychodzić 5 minut za wcześnie?;Dylematy
fun050;Czy zdarza Ci się śmiać z czegoś, czego nikt inny nie rozumie?;Śmieszne
pk033;Czy potrafisz otwarcie mówić o swoich granicach w intymności?;Pikantne
fun076;Czy Twoje ręce czasem same coś przewracają i patrzysz na nie z niedowierzaniem?;Śmieszne
lz042;Czy mógłbyś zostać samotnym wilkiem… ale z dostawą jedzenia?;Luźne
zw004;Czy mówisz wprost, gdy coś Ci nie pasuje w relacji?;Związkowe
swi016;Jak bardzo cenisz sobie tolerancję wobec innych kultur?;Światopoglądowe
lz030;Czy kiedykolwiek chciałeś być bohaterem kreskówki?;Luźne
ps044;Jak bardzo lubiłeś czytać książki jako dziecko?;Przeszłość
wol025;Wolisz mieć 1 godzinę więcej snu czy 1 godzinę więcej wolnego czasu?;Wolisz
fun019;Czy zdarza Ci się mylić dni tygodnia?;Śmieszne
fun023;Czy zdarza Ci się robić zakupy z pełnym brzuchem?;Śmieszne
dyl068;Wolisz móc cofnąć jedną rozmowę z przeszłości czy przewidzieć wynik jednej przyszłej rozmowy?;Dylematy
swi057;Jak bardzo popierasz równe prawa dla osób LGBTQ+?;Światopoglądowe
swi081;Czy uważasz, że dostęp do internetu powinien być prawem człowieka?;Światopoglądowe
ps015;Czy często się śmiałeś z dowcipów kolegów w szkole?;Przeszłość
zw024;Czy lubisz wspólne zdjęcia i pamiątki?;Związkowe
ps049;Jak często zdarzało Ci się rozrabiać w szkole?;Przeszłość
swi060;Czy uważasz, że demokracja to najlepszy system polityczny?;Światopoglądowe
dyl027;Wolisz mieszkać na księżycu czy pod wodą?;Dylematy
fun059;Czy zdarza Ci się myśleć, że lodówka to najlepszy przyjaciel?;Śmieszne
fun043;Czy Twoja ulubiona czynność to przekładanie rzeczy z miejsca na miejsce bez powodu?;Śmieszne
dyl065;Wolisz jeść tylko słodycze przez miesiąc czy tylko warzywa?;Dylematy
wol089;Wolisz spędzać święta w domu czy na wyjeździe?;Wolisz
pk037;Czy potrafisz zbudować napięcie jednym gestem?;Pikantne
lz058;Czy byłbyś w stanie wygrać zawody w robieniu najbardziej absurdalnej miny?;Luźne
dyl032;Wolisz móc zmieniać swój wygląd codziennie czy zmieniać głos na dowolny?;Dylematy
fun040;Czy zdarza Ci się mówić 'gdzie mój telefon?!' – trzymając go w ręce?;Śmieszne
dyl012;Wolisz jeść tylko słodkie przez tydzień czy tylko słone?;Dylematy
dyl010;Wolisz, żeby Twój telefon miał zawsze 1% baterii czy był zawsze wyciszony?;Dylematy
swi017;Czy zgadzasz się z ideą, że każdy człowiek ma prawo do szczęścia?;Światopoglądowe
lz038;Czy często nadajesz imiona przedmiotom w swoim domu?;Luźne
fun007;Czy Twój śmiech rozśmiesza innych bardziej niż żart?;Śmieszne
dyl009;Wolisz zostać bohaterem filmu akcji czy komedii romantycznej?;Dylematy
lz024;Czy kiedyś uczyłeś się czegoś tylko po to, żeby zaimponować komuś?;Luźne
wol022;Wolisz gotować sam czy jeść na mieście?;Wolisz
ps017;Czy brałeś udział w jakimś szkolnym sporcie lub zajęciach dodatkowych?;Przeszłość
pk025;Czy jesteś otwarty na wspólne odkrywanie nowych fantazji?;Pikantne
pk072;Czy potrafisz wyczytać intencje z ciała drugiej osoby?;Pikantne
dyl048;Wolisz zawsze zapominać twarze znajomych czy ich imiona?;Dylematy
fun020;Czy potrafisz wyobrazić sobie życie bez kawy (nawet na minutę)?;Śmieszne
dyl064;Wolisz być bohaterem książki czy filmu?;Dylematy
swi006;Jak bardzo zgadzasz się z zasadą ‘oko za oko’?;Światopoglądowe
zw039;Czy lubisz dzielić się codziennymi szczegółami ze swoim partnerem?;Związkowe
wol045;Wolisz wakacje w górach czy nad jeziorem?;Wolisz
dyl084;Wolisz codziennie jeść tylko jedną ulubioną potrawę czy każdego dnia próbować coś zupełnie nowego?;Dylematy
wol003;Wolisz lato czy zimę?;Wolisz
swi025;Czy uważasz, że media społecznościowe mają pozytywny wpływ na społeczeństwo?;Światopoglądowe
lz011;Czy lubisz planować rzeczy, których i tak nigdy nie zrealizujesz?;Luźne
wol084;Wolisz słuchać muzyki pop czy rock?;Wolisz
ps040;Jak bardzo lubiłeś swoje ulubione zajęcia pozalekcyjne?;Przeszłość
zw001;Czy potrafisz zakochać się od pierwszego wejrzenia?;Związkowe
pk013;Czy lubisz grać rolę w zbliżeniach?;Pikantne
swi077;Jak bardzo zgadzasz się z tym, że ludzie powinni mieć prawo do eutanazji?;Światopoglądowe
swi083;Czy zgadzasz się z tym, że niektóre granice kulturowe powinny być respektowane?;Światopoglądowe
lz028;Czy potrafisz wytrzymać cały dzień bez narzekania?;Luźne
ps034;Jak często zdarzało Ci się odrabiać lekcje na ostatnią chwilę?;Przeszłość
fun001;Czy Twoje myśli odpływają w kosmos, gdy ktoś coś tłumaczy?;Śmieszne
ps029;Czy byłeś osobą, która łatwo nawiązywała nowe znajomości?;Przeszłość
ps079;Jak bardzo byłeś ciekawski wobec świata jako dziecko?;Przeszłość
swi046;Jak bardzo uważasz, że rozwój cywilizacji wpływa negatywnie na naturę?;Światopoglądowe
lz033;Czy Twoje sny czasem mają więcej sensu niż rzeczywistość?;Luźne
pk023;Czy lubisz eksperymentować z miejscem i czasem zbliżenia?;Pikantne
dyl016;Wolisz żyć bez muzyki czy bez filmów?;Dylematy
fun003;Czy udajesz, że rozumiesz, o czym ktoś mówi?;Śmieszne
ps059;Na ile byłeś zadowolony z relacji z kolegami lub koleżankami?;Przeszłość
lz065;Czy masz w sobie coś z leniwca... nawet gdy próbujesz być produktywny?;Luźne
zw058;Czy potrafisz mówić o swoich granicach w związku?;Związkowe
swi002;Jak bardzo religijny jesteś?;Światopoglądowe
pk012;Czy zdarza Ci się fantazjować w najmniej odpowiednim momencie?;Pikantne
fun047;Czy zdarza Ci się włączyć czajnik, zapomnieć o nim i zrobić to jeszcze raz?;Śmieszne
fun062;Czy zdarza Ci się tańczyć samemu w pokoju bez muzyki?;Śmieszne
wol017;Wolisz czytać książki papierowe czy e-booki?;Wolisz
zw019;Czy potrafisz rozpoznać emocje drugiej osoby bez słów?;Związkowe
ps006;Czy często sięgałeś po pomoc rodziców przy odrabianiu lekcji?;Przeszłość
fun074;Czy zdarza Ci się odebrać telefon i zapomnieć, kto dzwonił, zanim się przedstawi?;Śmieszne
zw030;Czy czujesz się bezpiecznie, będąc sobą przy partnerze?;Związkowe
ps090;Na ile lubiłeś uczyć się poprzez zabawę?;Przeszłość
lz005;Czy potrafisz wyjść z domu bez sprawdzenia trzy razy, czy masz klucze?;Luźne
swi090;Na ile zgadzasz się z tym, że granice wolności kończą się tam, gdzie zaczyna się krzywda drugiego człowieka?;Światopoglądowe
pk014;Czy przywiązanie emocjonalne zwiększa Twoje pożądanie?;Pikantne
wol066;Wolisz mieć stały plan dnia czy działać spontanicznie?;Wolisz
lz003;Czy zdarza Ci się rozmawiać z psem lub kotem jak z człowiekiem?;Luźne
wol028;Wolisz mieć super pamięć czy super szybkość?;Wolisz
ps086;Jak bardzo pamiętasz swoje pierwsze wakacje nad morzem lub w górach?;Przeszłość
ps031;Jak często jako dziecko bawiłeś się na dworze?;Przeszłość
ps030;Czy często słuchałeś muzyki lub oglądałeś filmy z dzieciństwa?;Przeszłość
lz027;Czy zdarza Ci się coś zepsuć i udawać, że to nie Ty?;Luźne
swi039;Czy wierzysz, że każdy człowiek ma w sobie coś dobrego?;Światopoglądowe
lz076;Czy potrafisz włączyć film i zasnąć przed końcem czołówki?;Luźne
fun008;Czy próbujesz otworzyć drzwi pilotem od auta?;Śmieszne
wol031;Wolisz oglądać filmy w domu czy w kinie?;Wolisz
fun033;Czy Twój mózg czasem robi przerwę bez pytania?;Śmieszne
wol035;Wolisz mieć psa czy kota?;Wolisz
dyl002;Wolisz mówić tylko w rymach czy tylko śpiewać?;Dylematy
ps020;Czy miałeś jakieś zwierzątko w dzieciństwie?;Przeszłość
pk004;Czy ważna jest dla Ciebie chemia fizyczna w związku?;Pikantne
zw023;Czy łatwo przyjmujesz krytykę od bliskiej osoby?;Związkowe
dyl056;Wolisz mieszkać w przyszłości czy w przeszłości?;Dylematy
wol049;Wolisz słuchać muzyki na żywo czy z nagrania?;Wolisz
zw012;Czy pamiętasz ważne daty w związku?;Związkowe
ps081;Na ile lubiłeś spędzać czas z rodzeństwem?;Przeszłość
pk034;Czy zdarzyło Ci się fantazjować o kimś zupełnie nieoczekiwanym?;Pikantne
wol029;Wolisz rozwiązywać krzyżówki czy sudoku?;Wolisz
dyl029;Wolisz mieć super siłę, ale być ślepy czy widzieć perfekcyjnie, ale być słaby?;Dylematy
swi078;Na ile uważasz, że człowiek powinien dążyć do samodoskonalenia?;Światopoglądowe
fun082;Czy potrafisz wcisnąć 'drzemkę' tyle razy, że spóźniasz się wszędzie?;Śmieszne
swi068;Na ile zgadzasz się z tym, że młodzi ludzie są niedoceniani?;Światopoglądowe
pk075;Czy potrafisz całkowicie się poddać drugiej osobie?;Pikantne
swi011;Czy zgadzasz się z ideą, że pieniądze szczęścia nie dają?;Światopoglądowe
lz007;Czy potrafisz zrobić obiad z tego, co akurat masz w lodówce?;Luźne
pk026;Czy potrafisz rozbudzić atmosferę jednym spojrzeniem?;Pikantne
fun034;Czy masz talent do rozlewania napojów w najbardziej nieodpowiednich momentach?;Śmieszne
zw009;Czy zazdrość to dla Ciebie naturalny element związku?;Związkowe
fun064;Czy Twoje rozmowy z domowymi sprzętami są coraz bardziej zaawansowane?;Śmieszne
pk059;Czy Twoja wyobraźnia erotyczna zmienia się z czasem?;Pikantne
fun085;Czy potrafisz myśleć o jedzeniu już 5 minut po zjedzeniu obiadu?;Śmieszne
pk074;Czy Twoje fantazje są bardziej filmowe czy realistyczne?;Pikantne
ps067;Jak bardzo lubiłeś oglądać filmy lub bajki?;Przeszłość
fun057;Czy potrafisz przez pomyłkę polubić stary post z 2013 roku?;Śmieszne
wol071;Wolisz robić zdjęcia czy być na nich fotografowanym?;Wolisz
zw005;Czy łatwo przywiązujesz się do drugiej osoby?;Związkowe
swi010;Jak bardzo ufasz mediom?;Światopoglądowe
fun067;Czy Twoje zdjęcia w dowodzie wyglądają, jakbyś był w trakcie krzyku?;Śmieszne
ps083;Jak często potrafiłeś pocieszyć kolegę lub koleżankę?;Przeszłość
wol015;Wolisz zwierzęta domowe czy egzotyczne?;Wolisz
dyl058;Wolisz żyć w świecie bez internetu czy bez książek?;Dylematy
dyl007;Wolisz, żeby każdy słyszał Twoje myśli czy żebyś Ty słyszał myśli wszystkich?;Dylematy
zw014;Czy wolisz spędzać czas sam na sam niż w towarzystwie znajomych?;Związkowe
lz020;Czy lubisz rozwiązywać quizy, które niczego nie wnoszą?;Luźne
fun026;Czy potrafisz zapamiętać tekst piosenki, ale zapominasz, gdzie zostawiłeś telefon?;Śmieszne
dyl008;Wolisz mieć zawsze zakręcony kabel słuchawek czy nigdy nie móc znaleźć ładowarki?;Dylematy
zw002;Czy często rozczulasz się nad romantycznymi filmami?;Związkowe
pk043;Czy Twoje poczucie humoru łączy się z seksualnością?;Pikantne
dyl030;Wolisz zawsze zapominać imiona czy twarze?;Dylematy
wol083;Wolisz podróżować samolotem czy samochodem?;Wolisz
zw047;Czy wspólne marzenia cementują dla Ciebie relację?;Związkowe
swi056;Czy uważasz, że społeczeństwo powinno akceptować każdy styl życia?;Światopoglądowe
wol008;Wolisz plażę czy góry?;Wolisz
wol063;Wolisz pić wodę gazowaną czy niegazowaną?;Wolisz
wol048;Wolisz nosić ubrania casual czy eleganckie?;Wolisz
pk076;Czy Twoje pragnienia są czasem trudne do wypowiedzenia?;Pikantne
ps010;Czy często marzyłeś o byciu kimś wyjątkowym lub sławnym?;Przeszłość
dyl074;Wolisz nigdy nie mieć kaca czy nigdy nie odczuwać zmęczenia?;Dylematy
fun088;Czy potrafisz udawać powagę, gdy coś jest naprawdę głupie?;Śmieszne
wol001;Wolisz chodzić wolno czy szybko?;Wolisz
fun084;Czy zdarza Ci się powiedzieć 'dzień dobry' o 22:00?;Śmieszne
ps035;Jak bardzo lubiłeś swoje ulubione zabawki?;Przeszłość
swi061;Jak bardzo wierzysz, że każdy zasługuje na szacunek – niezależnie od poglądów?;Światopoglądowe
wol012;Wolisz spędzać wakacje aktywnie czy leniuchując?;Wolisz
ps027;Czy miałeś kiedyś problem z wczesnym wstawaniem do szkoły?;Przeszłość
fun016;Czy masz talent do zapominania, gdzie zostawiłeś klucze?;Śmieszne
fun056;Czy zdarza Ci się zacząć coś robić i zapomnieć, po co to robiłeś?;Śmieszne
wol068;Wolisz spędzać weekend w domu czy na wycieczce?;Wolisz
dyl063;Wolisz mieć super moc zmiany koloru włosów na życzenie czy zmiany koloru oczu?;Dylematy
lz019;Czy często gubisz rzeczy, które trzymasz w ręce?;Luźne
fun006;Czy jesteś specjalistą od przewracania się o nic?;Śmieszne
pk006;Czy jesteś bardziej dominujący niż uległy?;Pikantne
ps061;Jak często jako dziecko sięgałeś po słodycze?;Przeszłość
pk084;Czy Twoja zmysłowość jest bardziej subtelna niż odważna?;Pikantne
fun054;Czy potrafisz się potknąć o zupełnie nic?;Śmieszne
wol018;Wolisz robić zdjęcia czy oglądać zdjęcia?;Wolisz
ps074;Jak bardzo pamiętasz swoje dziecięce sukcesy?;Przeszłość
ps038;Na ile byłeś zadowolony ze swojego zachowania w dzieciństwie?;Przeszłość
swi008;Jak ważna jest dla Ciebie tradycja?;Światopoglądowe
zw068;Czy potrafisz dostrzegać różnice między Wami jako coś wartościowego?;Związkowe
fun025;Czy masz talent do przypadkowego włączania mikrofonu w dziwnych momentach?;Śmieszne
fun048;Czy Twój pies lub kot czasem patrzy na Ciebie jak na dziwaka?;Śmieszne
swi064;Jak bardzo uważasz, że edukacja powinna uwzględniać naukę empatii?;Światopoglądowe
pk089;Czy sytuacje „zakazane” bywają dla Ciebie bardziej ekscytujące?;Pikantne
swi051;Czy uważasz, że młodzież powinna mieć większy wpływ na politykę?;Światopoglądowe
swi005;Czy uważasz, że zmiany klimatu to poważny problem?;Światopoglądowe
fun070;Czy Twój zegar biologiczny ma własne zasady (np. śpisz, gdy nie powinieneś)?;Śmieszne
fun075;Czy potrafisz siedzieć godzinami w jednej pozycji, a potem wstać jak robot?;Śmieszne
dyl020;Wolisz nigdy nie móc używać emotikonów czy nigdy nie móc używać memów?;Dylematy
wol038;Wolisz jeść na słodko czy na słono?;Wolisz
ps068;Jak często sprawiałeś niespodzianki bliskim?;Przeszłość
fun065;Czy zdarza Ci się kichnąć tak mocno, że wystraszysz nawet siebie?;Śmieszne
wol088;Wolisz jeść owoce czy warzywa?;Wolisz
ps076;Jak często brałeś udział w zabawach ruchowych lub sportowych?;Przeszłość
zw006;Czy lubisz wspólne gotowanie jako forma spędzania czasu?;Związkowe
ps013;Czy zdarza Ci się chować przed rodzicami coś, co chciałeś mieć tylko dla siebie?;Przeszłość
swi041;Czy uważasz, że tradycja powinna ustępować postępowi?;Światopoglądowe
dyl003;Wolisz mieć w kieszeni zawsze 10 groszy czy 5 cukierków?;Dylematy
fun049;Czy potrafisz przypadkiem zadzwonić do kogoś, klikając coś w kieszeni?;Śmieszne
swi084;Jak bardzo wierzysz w to, że ludzie są z natury dobrzy?;Światopoglądowe
ps025;Czy potrafiłeś dobrze się bawić na szkolnych imprezach?;Przeszłość
wol027;Wolisz prowadzić samochód czy podróżować pociągiem?;Wolisz
lz013;Czy często śpiewasz w samochodzie lub pod prysznicem?;Luźne
fun010;Czy Twoje reakcje przypominają memy?;Śmieszne
pk079;Czy gra w dominację i uległość Cię intryguje?;Pikantne
wol087;Wolisz oglądać mecze piłki nożnej czy siatkówki?;Wolisz
lz069;Czy lubisz sprawdzać lodówkę bez zamiaru niczego z niej wyjąć?;Luźne
dyl006;Wolisz mieć głos jak kaczka czy chodzić jak pingwin?;Dylematy
ps051;Jak często marzyłeś o dorosłym życiu?;Przeszłość
zw029;Czy potrafisz rozmawiać o trudnych tematach bez emocji?;Związkowe
fun013;Czy zdarza Ci się gubić telefon, mając go w ręce?;Śmieszne
zw069;Czy Twoim zdaniem szczerość powinna być absolutna – nawet jeśli rani?;Związkowe
fun078;Czy potrafisz pomylić ketchup z pastą do zębów (przez nieuwagę)?;Śmieszne
zw017;Czy ważne jest dla Ciebie poczucie humoru w związku?;Związkowe
wol030;Wolisz spędzać czas na zewnątrz czy w domu?;Wolisz
dyl082;Wolisz mieć umiejętność czytania książek w sekundę czy nauki nowych języków w godzinę?;Dylematy
wol005;Wolisz książkę czy film?;Wolisz
wol014;Wolisz poranki czy wieczory?;Wolisz
dyl047;Wolisz mieć nieograniczony dostęp do książek czy do filmów?;Dylematy
fun015;Czy kiedykolwiek próbowałeś zrobić coś zbyt skomplikowanego i skończyło się to katastrofą?;Śmieszne
dyl089;Wolisz mieć nieskończoną ilość baterii w telefonie czy darmowy dostęp do internetu gdziekolwiek?;Dylematy
swi076;Czy uważasz, że każdy człowiek powinien mieć dostęp do opieki zdrowotnej bez względu na zarobki?;Światopoglądowe
dyl088;Wolisz żyć w świecie bez kolorów czy bez dźwięków?;Dylematy
dyl079;Wolisz móc jeździć na rowerze po wodzie czy latać na rowerze?;Dylematy
fun041;Czy zdarza Ci się mówić do siebie i udawać, że ktoś Ci odpowiada?;Śmieszne
swi088;Jak bardzo wierzysz, że demokracja wymaga aktywnego udziału obywateli?;Światopoglądowe
ps004;Czy miałeś kiedyś swojego ulubionego pluszaka, bez którego nie zasypiałeś?;Przeszłość
swi021;Czy uważasz, że kara śmierci jest dopuszczalna?;Światopoglądowe
pk052;Czy często to Ty zaczynasz flirt?;Pikantne
wol026;Wolisz wziąć prysznic czy kąpiel?;Wolisz
fun024;Czy często próbujesz wymawiać trudne słowa na głos i kończy się to śmiechem?;Śmieszne
fun011;Czy zdarza Ci się mówić do zwierząt, jak do ludzi?;Śmieszne
swi050;Jak bardzo wierzysz, że przyszłość będzie lepsza niż teraźniejszość?;Światopoglądowe
pk020;Czy lubisz, gdy partner przejmuje inicjatywę?;Pikantne
ps042;Jak bardzo pamiętasz swoje dziecięce marzenia?;Przeszłość
lz064;Czy zdarza Ci się mówić „zaraz wracam” i wrócić za godzinę?;Luźne
swi020;Jak bardzo uważasz, że nauka powinna dominować nad wiarą?;Światopoglądowe
zw051;Czy starasz się unikać niepotrzebnych spięć?;Związkowe
swi062;Czy uważasz, że społeczeństwo jest zbyt uzależnione od technologii?;Światopoglądowe
swi027;Czy uważasz, że praca powinna dawać przede wszystkim satysfakcję, a nie pieniądze?;Światopoglądowe
ps009;Czy zdarzyło Ci się zrobić coś zakazanego, czego nie przyznałeś się rodzicom?;Przeszłość
fun071;Czy Twoje sny czasem są tak dziwne, że boisz się o własny mózg?;Śmieszne
swi079;Czy Twoim zdaniem państwo powinno mieć większy wpływ na wychowanie dzieci?;Światopoglądowe
ps087;Na ile często uczestniczyłeś w szkolnych wydarzeniach i imprezach?;Przeszłość
fun077;Czy zdarza Ci się napisać wiadomość i zapomnieć ją wysłać?;Śmieszne
wol004;Wolisz kawę czy herbatę?;Wolisz
pk077;Czy flirtowanie w miejscu publicznym sprawia Ci dreszczyk emocji?;Pikantne
zw040;Czy Twoim zdaniem w relacji powinno się mówić wszystko?;Związkowe
ps077;Jak bardzo lubiłeś pomagać innym dzieciom w nauce?;Przeszłość
pk022;Czy Twoja wyobraźnia erotyczna bywa zaskakująca nawet dla Ciebie?;Pikantne
zw059;Czy bywasz niepewny swoich uczuć w dłuższej relacji?;Związkowe
zw010;Czy jesteś typem romantyka?;Związkowe
fun087;Czy zdarza Ci się myśleć, że to czwartek, mimo że to poniedziałek?;Śmieszne
fun060;Czy potrafisz przez przypadek otworzyć kalkulator, szukając wiadomości?;Śmieszne
wol042;Wolisz ubierać się kolorowo czy stonowanie?;Wolisz
lz090;Czy zdarza Ci się rozmawiać z roślinami w mieszkaniu?;Luźne
zw048;Czy czujesz się wysłuchany w związku?;Związkowe
swi013;Czy wierzysz w życie po śmierci?;Światopoglądowe
ps018;Czy pamiętasz swoją pierwszą zakochaną osobę?;Przeszłość
lz018;Czy mógłbyś mieszkać w domku na drzewie?;Luźne
lz014;Czy kiedykolwiek udawałeś, że kogoś nie widzisz, żeby nie rozmawiać?;Luźne
fun035;Czy potrafisz zapomnieć, co chciałeś kupić zaraz po wejściu do sklepu?;Śmieszne
swi052;Jak bardzo cenisz sobie różnorodność kulturową w społeczeństwie?;Światopoglądowe
zw007;Czy potrafisz spać spokojnie po kłótni z bliską osobą?;Związkowe
pk035;Czy namiętność jest dla Ciebie ważniejsza niż technika?;Pikantne
zw022;Czy umiesz zostawić partnerowi przestrzeń dla siebie?;Związkowe
pk086;Czy lubisz budować napięcie przez spojrzenia i niedopowiedzenia?;Pikantne
pk002;Czy jesteś otwarty na próbowanie nowych rzeczy w łóżku?;Pikantne
pk080;Czy czasem masz ochotę złamać wszystkie reguły?;Pikantne
swi035;Czy uważasz, że dzieci powinny mieć prawo współdecydować o swoim życiu?;Światopoglądowe
dyl080;Wolisz mieć talent do gotowania czy do majsterkowania?;Dylematy
swi047;Czy uważasz, że każdy powinien mieć prawo do posiadania broni?;Światopoglądowe
lz008;Czy miałeś kiedyś fazę na kolekcjonowanie czegoś dziwnego?;Luźne
wol020;Wolisz rozmawiać przez telefon czy pisać wiadomości?;Wolisz
pk038;Czy jesteś otwarty na niestandardowe formy intymności?;Pikantne
dyl066;Wolisz nigdy nie zapomnieć dat urodzin czy imion osób?;Dylematy
ps021;Czy lubiłeś spędzać wakacje na wsi lub u dziadków?;Przeszłość
zw027;Czy często wyrażasz uczucia słowami?;Związkowe
pk036;Czy lubisz grę wstępną dłuższą niż samo zbliżenie?;Pikantne
wol011;Wolisz słuchać muzyki głośno czy cicho?;Wolisz
fun014;Czy potrafisz zapomnieć, co robiłeś dosłownie kilka sekund temu?;Śmieszne
swi036;Jak bardzo wierzysz w postęp jako siłę napędową ludzkości?;Światopoglądowe
lz089;Czy masz ulubiony dźwięk... który właściwie Cię irytuje?;Luźne
pk008;Czy lubisz budować napięcie zanim dojdzie do zbliżenia?;Pikantne
swi012;Jak bardzo ważne są dla Ciebie prawa człowieka?;Światopoglądowe
fun032;Czy zdarza Ci się śpiewać głośniej niż muzyka w słuchawkach?;Śmieszne
lz086;Czy potrafisz zniknąć z imprezy bez pożegnania?;Luźne
lz046;Czy często gubisz się w myślach podczas najprostszych zadań?;Luźne
ps060;Jak bardzo lubiłeś oglądać kreskówki lub bajki?;Przeszłość
pk003;Czy czujesz się pewnie nago przy drugiej osobie?;Pikantne
zw043;Czy czujesz się komfortowo pokazując swoje słabości w związku?;Związkowe
swi085;Czy uważasz, że historia powinna być nauczana w sposób bardziej krytyczny?;Światopoglądowe
pk028;Czy bliskość fizyczna buduje dla Ciebie emocjonalną więź?;Pikantne
pk083;Czy dotyk ma dla Ciebie większe znaczenie niż słowa w intymności?;Pikantne
dyl011;Wolisz mieć super moc teleportacji, ale tylko do łazienki, czy umieć latać, ale tylko na 1 metr?;Dylematy
zw049;Czy lubisz wspólnie podejmować decyzje – nawet w błahych sprawach?;Związkowe
swi038;Jak bardzo jesteś za ograniczeniem sztucznej inteligencji w codziennym życiu?;Światopoglądowe
zw062;Czy wspólne poczucie humoru jest dla Ciebie kluczowe?;Związkowe
ps005;Czy zdarza Ci się ukrywać słodycze przed rodzicami?;Przeszłość
swi018;Jak ważna jest dla Ciebie równość szans?;Światopoglądowe
zw086;Czy wolisz rozmawiać o emocjach czy działać praktycznie?;Związkowe
swi087;Czy zgadzasz się z tym, że praca powinna być gwarantowana przez państwo?;Światopoglądowe
fun044;Czy zdarza Ci się tak mocno skupić na grze, że zapominasz o całym świecie?;Śmieszne
swi073;Jak bardzo cenisz sobie prawo do prywatności?;Światopoglądowe
ps036;Jak często miałeś okazję spotykać się z przyjaciółmi po szkole?;Przeszłość
swi034;Jak bardzo zgadzasz się z tym, że zwierzęta mają takie same prawa do życia jak ludzie?;Światopoglądowe
dyl013;Wolisz mówić z akcentem każdego, kto do Ciebie mówi, czy powtarzać wszystko, co ktoś powie?;Dylematy
dyl059;Wolisz mieć talent do śpiewania czy do tańca?;Dylematy
wol060;Wolisz oglądać seriale czy pojedyncze filmy?;Wolisz
swi024;Jak bardzo ważne są dla Ciebie wartości rodzinne?;Światopoglądowe
lz029;Czy byłbyś w stanie zamieszkać w małym domku na wsi bez technologii?;Luźne
ps062;Jak bardzo lubiłeś zajęcia plastyczne w szkole?;Przeszłość
pk017;Czy ważna jest dla Ciebie estetyka w zbliżeniach?;Pikantne
lz022;Czy kiedykolwiek miałeś poważną rozmowę z lustrem?;Luźne
dyl035;Wolisz jeść tylko potrawy o jednej barwie czy o jednej konsystencji?;Dylematy
swi043;Czy zgadzasz się z tym, że każda religia powinna być traktowana równo?;Światopoglądowe
fun036;Czy czasem mówisz coś głośno, a potem zastanawiasz się, czy ktoś to usłyszał?;Śmieszne
ps047;Na ile często brałeś udział w zabawach z rodzeństwem lub kuzynami?;Przeszłość
ps028;Czy pamiętasz swój pierwszy dzień w nowej szkole?;Przeszłość
dyl025;Wolisz jeść tylko jedną potrawę przez resztę życia czy nigdy nie jeść swojego ulubionego dania?;Dylematy
swi082;Na ile ważna jest dla Ciebie solidarność społeczna?;Światopoglądowe
swi001;Czy uważasz, że panuje równość płci w społeczeństwie?;Światopoglądowe
wol076;Wolisz oglądać filmy z przyjaciółmi czy samotnie?;Wolisz
ps016;Czy miałeś swój sekret lub tajne miejsce, do którego chodziłeś?;Przeszłość
fun009;Czy potrafisz zgubić się w sklepie, który znasz od lat?;Śmieszne
lz082;Czy potrafisz zorganizować cały dzień wokół przerwy na kawę?;Luźne
zw042;Czy potrafisz powiedzieć „nie” bliskiej osobie bez wyrzutów sumienia?;Związkowe
dyl067;Wolisz mieć zawsze idealnie posprzątany pokój czy idealnie ułożoną garderobę?;Dylematy
pk050;Czy potrafisz się całkowicie zatracić w chwili?;Pikantne
dyl070;Wolisz zawsze trafiać do celu podczas rzutu czy mieć niesamowitą pamięć do twarzy?;Dylematy
swi007;Czy wierzysz w przeznaczenie?;Światopoglądowe
wol044;Wolisz długie rozmowy czy krótkie i treściwe?;Wolisz
wol021;Wolisz imprezę z dużą ilością ludzi czy kameralne spotkanie?;Wolisz
lz070;Czy potrafisz myśleć intensywnie o jednej rzeczy i zapomnieć o niej po minucie?;Luźne
swi014;Jak bardzo uważasz, że każdy powinien dbać o środowisko?;Światopoglądowe
zw054;Czy wyrażanie wdzięczności jest dla Ciebie ważnym elementem relacji?;Związkowe
ps063;Na ile pamiętasz swoje pierwsze przyjaźnie?;Przeszłość
ps065;Jak bardzo byłeś samodzielny jako dziecko?;Przeszłość
swi032;Jak bardzo wierzysz, że dobro wraca?;Światopoglądowe
ps050;Na ile lubiłeś swoje pierwsze wakacje bez rodziców?;Przeszłość
